FILE,AFFINITY_KCAL_PER_MOL
docked_ligand/mol_195_out.pdbqt,-148.368
docked_ligand/mol_113_out.pdbqt,-125.353
docked_ligand/mol_115_out.pdbqt,-52.773
docked_ligand/mol_112_out.pdbqt,-23.745
docked_ligand/mol_192_out.pdbqt,-8.900
docked_ligand/celecoxib_protonated_out.pdbqt,-4.319
docked_ligand/mol_163_out.pdbqt,-4.016
docked_ligand/mol_164_out.pdbqt,-4.373
docked_ligand/mol_231_out.pdbqt,-4.816
docked_ligand/mol_232_out.pdbqt,-4.612
docked_ligand/mol_289_out.pdbqt,-4.006
docked_ligand/mol_080_out.pdbqt,-3.412
docked_ligand/mol_157_out.pdbqt,-3.081
docked_ligand/mol_199_out.pdbqt,-3.762
docked_ligand/mol_206_out.pdbqt,-3.365
docked_ligand/mol_213_out.pdbqt,-3.256
docked_ligand/mol_287_out.pdbqt,-3.128
docked_ligand/mol_288_out.pdbqt,-3.617
docked_ligand/mol_290_out.pdbqt,-3.566
docked_ligand/mol_291_out.pdbqt,-3.622
docked_ligand/mol_292_out.pdbqt,-3.166
docked_ligand/mol_051_out.pdbqt,-2.049
docked_ligand/mol_052_out.pdbqt,-2.227
docked_ligand/mol_053_out.pdbqt,-2.764
docked_ligand/mol_054_out.pdbqt,-2.018
docked_ligand/mol_058_out.pdbqt,-2.163
docked_ligand/mol_059_out.pdbqt,-2.151
docked_ligand/mol_060_out.pdbqt,-2.291
docked_ligand/mol_078_out.pdbqt,-2.962
docked_ligand/mol_079_out.pdbqt,-2.823
docked_ligand/mol_081_out.pdbqt,-2.376
docked_ligand/mol_132_out.pdbqt,-2.022
docked_ligand/mol_143_out.pdbqt,-2.360
docked_ligand/mol_154_out.pdbqt,-2.952
docked_ligand/mol_155_out.pdbqt,-2.676
docked_ligand/mol_156_out.pdbqt,-2.427
docked_ligand/mol_158_out.pdbqt,-2.815
docked_ligand/mol_183_out.pdbqt,-2.123
docked_ligand/mol_198_out.pdbqt,-2.219
docked_ligand/mol_202_out.pdbqt,-2.551
docked_ligand/mol_203_out.pdbqt,-2.167
docked_ligand/mol_216_out.pdbqt,-2.271
docked_ligand/mol_217_out.pdbqt,-2.129
docked_ligand/mol_248_out.pdbqt,-2.996
docked_ligand/mol_249_out.pdbqt,-2.791
docked_ligand/mol_250_out.pdbqt,-2.608
docked_ligand/mol_252_out.pdbqt,-2.071
docked_ligand/mol_258_out.pdbqt,-2.958
docked_ligand/mol_261_out.pdbqt,-2.950
docked_ligand/mol_263_out.pdbqt,-2.998
docked_ligand/mol_283_out.pdbqt,-2.870
docked_ligand/mol_286_out.pdbqt,-2.335
docked_ligand/mol_296_out.pdbqt,-2.869
docked_ligand/mol_369_out.pdbqt,-2.094
docked_ligand/mol_392_out.pdbqt,-2.261
docked_ligand/mol_395_out.pdbqt,-2.042
docked_ligand/mol_048_out.pdbqt,-1.136
docked_ligand/mol_056_out.pdbqt,-1.637
docked_ligand/mol_057_out.pdbqt,-1.738
docked_ligand/mol_082_out.pdbqt,-1.101
docked_ligand/mol_106_out.pdbqt,-1.484
docked_ligand/mol_134_out.pdbqt,-1.905
docked_ligand/mol_135_out.pdbqt,-1.592
docked_ligand/mol_137_out.pdbqt,-1.086
docked_ligand/mol_139_out.pdbqt,-1.247
docked_ligand/mol_140_out.pdbqt,-1.198
docked_ligand/mol_141_out.pdbqt,-1.449
docked_ligand/mol_159_out.pdbqt,-1.282
docked_ligand/mol_166_out.pdbqt,-1.227
docked_ligand/mol_184_out.pdbqt,-1.765
docked_ligand/mol_190_out.pdbqt,-1.395
docked_ligand/mol_204_out.pdbqt,-1.795
docked_ligand/mol_214_out.pdbqt,-1.643
docked_ligand/mol_230_out.pdbqt,-1.134
docked_ligand/mol_242_out.pdbqt,-1.356
docked_ligand/mol_251_out.pdbqt,-1.962
docked_ligand/mol_259_out.pdbqt,-1.617
docked_ligand/mol_273_out.pdbqt,-1.983
docked_ligand/mol_276_out.pdbqt,-1.266
docked_ligand/mol_285_out.pdbqt,-1.091
docked_ligand/mol_295_out.pdbqt,-1.819
docked_ligand/mol_343_out.pdbqt,-1.361
docked_ligand/mol_371_out.pdbqt,-1.533
docked_ligand/mol_394_out.pdbqt,-1.614
docked_ligand/mol_403_out.pdbqt,-1.544
docked_ligand/mol_015_out.pdbqt,-0.215
docked_ligand/mol_033_out.pdbqt,-0.285
docked_ligand/mol_034_out.pdbqt,-0.929
docked_ligand/mol_035_out.pdbqt,0.944
docked_ligand/mol_045_out.pdbqt,0.844
docked_ligand/mol_046_out.pdbqt,0.824
docked_ligand/mol_049_out.pdbqt,-0.383
docked_ligand/mol_050_out.pdbqt,0.687
docked_ligand/mol_063_out.pdbqt,-0.408
docked_ligand/mol_065_out.pdbqt,0.454
docked_ligand/mol_066_out.pdbqt,-0.008
docked_ligand/mol_083_out.pdbqt,-0.450
docked_ligand/mol_085_out.pdbqt,-0.089
docked_ligand/mol_086_out.pdbqt,-0.480
docked_ligand/mol_087_out.pdbqt,-0.658
docked_ligand/mol_091_out.pdbqt,0.147
docked_ligand/mol_105_out.pdbqt,0.918
docked_ligand/mol_124_out.pdbqt,-0.306
docked_ligand/mol_127_out.pdbqt,0.038
docked_ligand/mol_128_out.pdbqt,0.515
docked_ligand/mol_133_out.pdbqt,-0.190
docked_ligand/mol_136_out.pdbqt,-0.162
docked_ligand/mol_138_out.pdbqt,0.040
docked_ligand/mol_142_out.pdbqt,-0.673
docked_ligand/mol_161_out.pdbqt,-0.238
docked_ligand/mol_182_out.pdbqt,-0.003
docked_ligand/mol_188_out.pdbqt,-0.622
docked_ligand/mol_189_out.pdbqt,0.263
docked_ligand/mol_191_out.pdbqt,-0.278
docked_ligand/mol_197_out.pdbqt,-0.981
docked_ligand/mol_200_out.pdbqt,0.934
docked_ligand/mol_201_out.pdbqt,-0.742
docked_ligand/mol_205_out.pdbqt,-0.255
docked_ligand/mol_215_out.pdbqt,-0.898
docked_ligand/mol_226_out.pdbqt,0.016
docked_ligand/mol_227_out.pdbqt,0.260
docked_ligand/mol_228_out.pdbqt,-0.795
docked_ligand/mol_234_out.pdbqt,0.129
docked_ligand/mol_235_out.pdbqt,0.594
docked_ligand/mol_237_out.pdbqt,0.286
docked_ligand/mol_239_out.pdbqt,-0.043
docked_ligand/mol_241_out.pdbqt,0.729
docked_ligand/mol_254_out.pdbqt,0.464
docked_ligand/mol_260_out.pdbqt,-0.763
docked_ligand/mol_262_out.pdbqt,-0.304
docked_ligand/mol_265_out.pdbqt,-0.002
docked_ligand/mol_274_out.pdbqt,0.558
docked_ligand/mol_322_out.pdbqt,0.427
docked_ligand/mol_323_out.pdbqt,0.977
docked_ligand/mol_364_out.pdbqt,-0.287
docked_ligand/mol_365_out.pdbqt,-0.042
docked_ligand/mol_406_out.pdbqt,-0.921
docked_ligand/mol_411_out.pdbqt,0.946
docked_ligand/mol_026_out.pdbqt,1.488
docked_ligand/mol_027_out.pdbqt,1.093
docked_ligand/mol_042_out.pdbqt,1.524
docked_ligand/mol_076_out.pdbqt,1.490
docked_ligand/mol_084_out.pdbqt,1.103
docked_ligand/mol_090_out.pdbqt,1.534
docked_ligand/mol_130_out.pdbqt,1.514
docked_ligand/mol_165_out.pdbqt,1.039
docked_ligand/mol_218_out.pdbqt,1.142
docked_ligand/mol_223_out.pdbqt,1.146
docked_ligand/mol_229_out.pdbqt,1.529
docked_ligand/mol_233_out.pdbqt,1.096
docked_ligand/mol_236_out.pdbqt,1.058
docked_ligand/mol_238_out.pdbqt,1.619
docked_ligand/mol_257_out.pdbqt,1.740
docked_ligand/mol_277_out.pdbqt,1.091
docked_ligand/mol_325_out.pdbqt,1.008
docked_ligand/mol_326_out.pdbqt,1.835
docked_ligand/mol_340_out.pdbqt,1.581
docked_ligand/mol_344_out.pdbqt,1.987
docked_ligand/mol_346_out.pdbqt,1.536
docked_ligand/mol_356_out.pdbqt,1.415
docked_ligand/mol_368_out.pdbqt,1.427
docked_ligand/mol_370_out.pdbqt,1.115
docked_ligand/mol_405_out.pdbqt,1.960
docked_ligand/mol_408_out.pdbqt,1.445
docked_ligand/mol_415_out.pdbqt,1.896
docked_ligand/mol_031_out.pdbqt,2.738
docked_ligand/mol_032_out.pdbqt,2.500
docked_ligand/mol_043_out.pdbqt,2.861
docked_ligand/mol_047_out.pdbqt,2.246
docked_ligand/mol_064_out.pdbqt,2.236
docked_ligand/mol_088_out.pdbqt,2.985
docked_ligand/mol_089_out.pdbqt,2.214
docked_ligand/mol_103_out.pdbqt,2.488
docked_ligand/mol_125_out.pdbqt,2.936
docked_ligand/mol_185_out.pdbqt,2.134
docked_ligand/mol_212_out.pdbqt,2.145
docked_ligand/mol_221_out.pdbqt,2.943
docked_ligand/mol_222_out.pdbqt,2.868
docked_ligand/mol_225_out.pdbqt,2.721
docked_ligand/mol_240_out.pdbqt,2.061
docked_ligand/mol_275_out.pdbqt,2.397
docked_ligand/mol_281_out.pdbqt,2.152
docked_ligand/mol_282_out.pdbqt,2.317
docked_ligand/mol_338_out.pdbqt,2.363
docked_ligand/mol_342_out.pdbqt,2.098
docked_ligand/mol_345_out.pdbqt,2.074
docked_ligand/mol_353_out.pdbqt,2.695
docked_ligand/mol_366_out.pdbqt,2.225
docked_ligand/mol_410_out.pdbqt,2.260
docked_ligand/mol_414_out.pdbqt,2.057
docked_ligand/mol_416_out.pdbqt,2.998
docked_ligand/mol_123_out.pdbqt,3.420
docked_ligand/mol_126_out.pdbqt,3.057
docked_ligand/mol_129_out.pdbqt,3.040
docked_ligand/mol_220_out.pdbqt,3.150
docked_ligand/mol_256_out.pdbqt,3.302
docked_ligand/mol_266_out.pdbqt,3.749
docked_ligand/mol_280_out.pdbqt,3.897
docked_ligand/mol_337_out.pdbqt,3.893
docked_ligand/mol_341_out.pdbqt,3.115
docked_ligand/mol_352_out.pdbqt,3.687
docked_ligand/mol_363_out.pdbqt,3.573
docked_ligand/mol_367_out.pdbqt,3.018
docked_ligand/mol_375_out.pdbqt,3.401
docked_ligand/mol_404_out.pdbqt,3.265
docked_ligand/mol_407_out.pdbqt,3.923
docked_ligand/mol_412_out.pdbqt,3.276
docked_ligand/mol_413_out.pdbqt,3.288
docked_ligand/mol_417_out.pdbqt,3.941
docked_ligand/mol_011_out.pdbqt,4.123
docked_ligand/mol_028_out.pdbqt,4.858
docked_ligand/mol_030_out.pdbqt,4.488
docked_ligand/mol_067_out.pdbqt,4.705
docked_ligand/mol_073_out.pdbqt,4.549
docked_ligand/mol_186_out.pdbqt,4.342
docked_ligand/mol_187_out.pdbqt,4.880
docked_ligand/mol_219_out.pdbqt,4.288
docked_ligand/mol_264_out.pdbqt,4.007
docked_ligand/mol_278_out.pdbqt,4.596
docked_ligand/mol_293_out.pdbqt,4.420
docked_ligand/mol_294_out.pdbqt,4.252
docked_ligand/mol_307_out.pdbqt,4.108
docked_ligand/mol_308_out.pdbqt,4.381
docked_ligand/mol_012_out.pdbqt,5.570
docked_ligand/mol_036_out.pdbqt,5.745
docked_ligand/mol_037_out.pdbqt,5.959
docked_ligand/mol_040_out.pdbqt,5.692
docked_ligand/mol_077_out.pdbqt,5.272
docked_ligand/mol_122_out.pdbqt,5.324
docked_ligand/mol_267_out.pdbqt,5.034
docked_ligand/mol_305_out.pdbqt,5.526
docked_ligand/mol_339_out.pdbqt,5.986
docked_ligand/mol_355_out.pdbqt,5.184
docked_ligand/mol_362_out.pdbqt,5.017
docked_ligand/mol_374_out.pdbqt,5.562
docked_ligand/mol_379_out.pdbqt,5.767
docked_ligand/mol_017_out.pdbqt,6.566
docked_ligand/mol_019_out.pdbqt,6.867
docked_ligand/mol_041_out.pdbqt,6.000
docked_ligand/mol_092_out.pdbqt,6.793
docked_ligand/mol_268_out.pdbqt,6.871
docked_ligand/mol_279_out.pdbqt,6.003
docked_ligand/mol_360_out.pdbqt,6.317
docked_ligand/mol_372_out.pdbqt,6.276
docked_ligand/mol_419_out.pdbqt,6.982
docked_ligand/mol_421_out.pdbqt,6.499
docked_ligand/mol_013_out.pdbqt,7.173
docked_ligand/mol_075_out.pdbqt,7.301
docked_ligand/mol_096_out.pdbqt,7.354
docked_ligand/mol_271_out.pdbqt,7.967
docked_ligand/mol_302_out.pdbqt,7.912
docked_ligand/mol_348_out.pdbqt,7.335
docked_ligand/mol_361_out.pdbqt,7.440
docked_ligand/mol_376_out.pdbqt,7.389
docked_ligand/mol_104_out.pdbqt,8.154
docked_ligand/mol_148_out.pdbqt,8.930
docked_ligand/mol_224_out.pdbqt,8.581
docked_ligand/mol_377_out.pdbqt,8.008
docked_ligand/mol_380_out.pdbqt,8.531
docked_ligand/mol_420_out.pdbqt,8.106
docked_ligand/mol_309_out.pdbqt,9.763
docked_ligand/mol_311_out.pdbqt,9.695
docked_ligand/mol_350_out.pdbqt,9.988
docked_ligand/mol_061_out.pdbqt,10.633
docked_ligand/mol_093_out.pdbqt,10.663
docked_ligand/mol_147_out.pdbqt,10.484
docked_ligand/mol_304_out.pdbqt,10.376
docked_ligand/mol_016_out.pdbqt,11.851
docked_ligand/mol_146_out.pdbqt,11.058
docked_ligand/mol_347_out.pdbqt,11.384
docked_ligand/mol_357_out.pdbqt,11.357
docked_ligand/mol_399_out.pdbqt,11.225
docked_ligand/mol_095_out.pdbqt,12.781
docked_ligand/mol_269_out.pdbqt,12.514
docked_ligand/mol_303_out.pdbqt,12.076
docked_ligand/mol_378_out.pdbqt,12.366
docked_ligand/mol_398_out.pdbqt,12.971
docked_ligand/mol_039_out.pdbqt,13.840
docked_ligand/mol_359_out.pdbqt,13.181
docked_ligand/mol_272_out.pdbqt,14.938
docked_ligand/mol_038_out.pdbqt,15.024
docked_ligand/mol_094_out.pdbqt,15.557
docked_ligand/mol_145_out.pdbqt,15.445
docked_ligand/mol_306_out.pdbqt,15.679
docked_ligand/mol_324_out.pdbqt,15.468
docked_ligand/mol_097_out.pdbqt,16.316
docked_ligand/mol_119_out.pdbqt,16.708
docked_ligand/mol_162_out.pdbqt,17.840
docked_ligand/mol_418_out.pdbqt,17.841
docked_ligand/mol_121_out.pdbqt,19.185
docked_ligand/mol_397_out.pdbqt,19.721
docked_ligand/mol_354_out.pdbqt,20.834
docked_ligand/mol_393_out.pdbqt,20.754
docked_ligand/mol_401_out.pdbqt,20.385
docked_ligand/mol_098_out.pdbqt,21.812
docked_ligand/mol_144_out.pdbqt,23.997
docked_ligand/mol_351_out.pdbqt,23.451
docked_ligand/mol_101_out.pdbqt,24.952
docked_ligand/mol_160_out.pdbqt,25.264
docked_ligand/mol_396_out.pdbqt,25.535
docked_ligand/mol_014_out.pdbqt,27.135
docked_ligand/mol_018_out.pdbqt,27.966
docked_ligand/mol_100_out.pdbqt,27.626
docked_ligand/mol_099_out.pdbqt,28.283
docked_ligand/mol_120_out.pdbqt,28.296
docked_ligand/mol_381_out.pdbqt,28.552
docked_ligand/mol_118_out.pdbqt,37.168
docked_ligand/mol_020_out.pdbqt,45.280
docked_ligand/mol_373_out.pdbqt,48.317
docked_ligand/mol_055_out.pdbqt,67.627
docked_ligand/mol_409_out.pdbqt,74.907
docked_ligand/mol_074_out.pdbqt,85.503
docked_ligand/mol_349_out.pdbqt,146.536
docked_ligand/mol_029_out.pdbqt,165.474
docked_ligand/mol_400_out.pdbqt,185.829
docked_ligand/mol_044_out.pdbqt,206.398
docked_ligand/mol_131_out.pdbqt,207.630
docked_ligand/mol_310_out.pdbqt,374.438
docked_ligand/mol_284_out.pdbqt,388.517
docked_ligand/mol_062_out.pdbqt,547.850
docked_ligand/mol_255_out.pdbqt,561.382
docked_ligand/mol_253_out.pdbqt,580.747
docked_ligand/mol_402_out.pdbqt,675.171
docked_ligand/mol_117_out.pdbqt,1435.995
docked_ligand/mol_358_out.pdbqt,5082.139
docked_ligand/mol_270_out.pdbqt,5918.440
docked_ligand/mol_102_out.pdbqt,7024.893
docked_ligand/mol_196_out.pdbqt,63392.852
docked_ligand/mol_114_out.pdbqt,239911.812
docked_ligand/mol_116_out.pdbqt,583803.312
docked_ligand/mol_194_out.pdbqt,5168037.500
docked_ligand/mol_193_out.pdbqt,8895909.000
